<?xml version="1.0"?>
<!--
/**
 * @Author      : TuanNA
 * @package     Marketplace_Seller_Business
 * @copyright   Copyright (c) 2016 MAGEBAY (http://www.magebay.com)
 * @terms  http://www.magebay.com/terms
 * @license     http://opensource.org/licenses/afl-3.0.php  Academic Free License (AFL 3.0)
 **/
-->
<config xmlns:xsi="http://www.w3.org/2001/XMLSchema-instance" xsi:noNamespaceSchemaLocation="../../../../../lib/internal/Magento/Framework/Acl/etc/acl.xsd">
    <acl>
        <resources>
            <resource id="Magento_Backend::admin">
                <resource id="Magebay_Marketplace::marketplace" title="Magebay Marketplace" sortOrder="100">           
                    <resource id="Magebay_PrintLogo::printlogo" title="Manage Seller Business" sortOrder="30" />                             
                </resource>
            </resource>
        </resources>
    </acl>
</config>